48001,25.7,660,168,25.5,165,3,0,0,0,0,3,0,1.8,0.0
48002,25.8,219,24,11.0,23,1,0,0,0,0,1,0,4.2,0.0
48003,24.1,388,41,10.6,41,0,0,0,0,0,0,0,0.0,0.0
48005,32.5,294,43,14.6,42,1,0,0,0,0,1,0,2.3,0.0
48006,28.1,295,32,10.8,30,2,0,0,0,0,2,0,6.3,0.0
48009,39.8,"1,586",219,13.8,219,0,0,0,0,0,0,0,0.0,0.0
48014,36.9,321,65,20.2,65,0,0,0,0,0,0,0,0.0,0.0
48015,33.4,516,107,20.7,106,1,0,0,0,0,1,0,0.9,0.0
48017,20.9,761,138,18.1,138,0,0,0,0,0,0,0,0.0,0.0
48021,31.4,"2,569",592,23.0,580,9,1,1,1,0,12,2,2.0,0.3
48022,21.7,174,29,16.7,29,0,0,0,0,0,0,0,0.0,0.0
48023,16.7,330,42,12.7,42,0,0,0,0,0,0,0,0.0,0.0
48025,14.5,907,121,13.3,121,0,0,0,0,0,0,0,0.0,0.0
48026,7.3,811,137,16.9,134,3,0,0,0,0,3,0,2.2,0.0
48027,29.1,213,42,19.7,42,0,0,0,0,0,0,0,0.0,0.0
48028,32.0,26,2,7.7,2,0,0,0,0,0,0,0,0.0,0.0
48030,36.7,"1,280",289,22.6,282,6,0,1,0,0,7,1,2.4,0.3
48032,19.7,156,24,15.4,23,1,0,0,0,0,1,0,4.2,0.0
48033,*,821,262,31.9,262,0,0,0,0,0,0,0,0.0,0.0
48034,7.1,809,309,38.2,308,1,0,0,0,0,1,0,0.3,0.0
48035,5.5,"2,662",487,18.3,482,3,1,0,1,0,5,1,1.0,0.2
48036,4.7,"1,465",285,19.5,283,2,0,0,0,0,2,0,0.7,0.0
48038,0.9,"2,497",405,16.2,402,2,1,0,0,0,3,0,0.7,0.0
48039,41.7,464,95,20.5,88,7,0,0,0,0,7,0,7.4,0.0
48040,11.3,675,102,15.1,100,2,0,0,0,0,2,0,2.0,0.0
48041,28.0,270,35,13.0,35,0,0,0,0,0,0,0,0.0,0.0
48042,6.2,"2,366",239,10.1,239,0,0,0,0,0,0,0,0.0,0.0
48043,40.4,"1,180",200,16.9,192,5,0,1,2,0,8,3,4.0,1.5
48044,1.6,"4,252",474,11.1,471,3,0,0,0,0,3,0,0.6,0.0
48045,11.5,"1,392",232,16.7,230,2,0,0,0,0,2,0,0.9,0.0
48047,7.8,"3,062",339,11.1,333,5,0,0,0,1,6,1,1.8,0.3
48048,15.6,767,102,13.3,100,1,0,0,1,0,2,1,2.0,1.0
48049,14.2,335,72,21.5,70,2,0,0,0,0,2,0,2.8,0.0
48050,33.0,80,7,8.8,7,0,0,0,0,0,0,0,0.0,0.0
48051,5.1,"1,208",200,16.6,195,5,0,0,0,0,5,0,2.5,0.0
48054,24.9,369,56,15.2,54,2,0,0,0,0,2,0,3.6,0.0
48059,19.4,976,219,22.4,214,4,1,0,0,0,5,0,2.3,0.0
48060,44.7,"3,627",1167,32.2,"1,086",72,6,3,0,0,81,3,6.9,0.3
48062,28.7,654,85,13.0,85,0,0,0,0,0,0,0,0.0,0.0
48063,12.3,258,40,15.5,40,0,0,0,0,0,0,0,0.0,0.0
48064,25.1,256,49,19.1,49,0,0,0,0,0,0,0,0.0,0.0
48065,25.4,661,82,12.4,79,2,1,0,0,0,3,0,3.7,0.0
48066,16.0,"3,565",670,18.8,656,13,0,0,1,0,14,1,2.1,0.1
48067,53.6,"1,647",212,12.9,210,2,0,0,0,0,2,0,0.9,0.0
48069,79.6,179,19,10.6,19,0,0,0,0,0,0,0,0.0,0.0
48070,55.2,512,51,10.0,51,0,0,0,0,0,0,0,0.0,0.0
48071,11.6,"2,166",472,21.8,463,8,1,0,0,0,9,0,1.9,0.0
48072,55.2,"1,147",131,11.4,131,0,0,0,0,0,0,0,0.0,0.0
48073,24.7,"2,178",350,16.1,343,7,0,0,0,0,7,0,2.0,0.0
48074,23.4,688,159,23.1,150,9,0,0,0,0,9,0,5.7,0.0
48075,12.8,"1,302",484,37.2,472,9,1,2,0,0,12,2,2.5,0.4
48076,9.4,"1,390",435,31.3,428,6,0,1,0,0,7,1,1.6,0.2
48079,26.0,756,99,13.1,96,2,1,0,0,0,3,0,3.0,0.0
48080,19.2,"1,365",215,15.8,212,2,0,1,0,0,3,1,1.4,0.5
48081,15.0,"1,123",163,14.5,161,2,0,0,0,0,2,0,1.2,0.0
48082,10.2,"1,038",147,14.2,144,3,0,0,0,0,3,0,2.0,0.0
48083,7.5,"1,706",233,13.7,228,5,0,0,0,0,5,0,2.1,0.0
48084,3.0,"1,055",129,12.2,128,0,0,1,0,0,1,1,0.8,0.8
48085,*,"1,489",150,10.1,150,0,0,0,0,0,0,0,0.0,0.0
48088,*,"1,359",251,18.5,244,6,0,1,0,0,7,1,2.8,0.4
48089,23.9,"2,861",690,24.1,677,9,0,3,0,1,13,4,1.9,0.6
48091,19.1,"2,642",689,26.1,674,13,0,2,0,0,15,2,2.2,0.3
48092,8.7,"1,645",373,22.7,370,3,0,0,0,0,3,0,0.8,0.0
48093,3.4,"1,363",260,19.1,258,2,0,0,0,0,2,0,0.8,0.0
48094,5.6,"1,386",156,11.3,155,0,0,1,0,0,1,1,0.6,0.6
48095,8.9,263,33,12.5,33,0,0,0,0,0,0,0,0.0,0.0
48096,19.6,193,25,13.0,25,0,0,0,0,0,0,0,0.0,0.0
48097,41.2,385,85,22.1,82,2,1,0,0,0,3,0,3.5,0.0
48098,4.4,919,114,12.4,113,1,0,0,0,0,1,0,0.9,0.0
48101,25.6,"1,725",336,19.5,334,2,0,0,0,0,2,0,0.6,0.0
48103,21.9,"3,584",339,9.5,334,5,0,0,0,0,5,0,1.5,0.0
48104,36.7,"1,281",27,2.1,27,0,0,0,0,0,0,0,0.0,0.0
48105,7.3,"2,014",157,7.8,156,1,0,0,0,0,1,0,0.6,0.0
48108,5.0,"2,009",350,17.4,346,3,0,1,0,0,4,1,1.1,0.3
48111,11.1,"3,276",650,19.8,640,8,2,0,0,0,10,0,1.5,0.0
48114,5.0,"1,142",87,7.6,87,0,0,0,0,0,0,0,0.0,0.0
48116,11.8,"1,640",112,6.8,111,1,0,0,0,0,1,0,0.9,0.0
48117,21.4,610,102,16.7,98,4,0,0,0,0,4,0,3.9,0.0
48118,27.7,729,45,6.2,43,2,0,0,0,0,2,0,4.4,0.0
48120,34.3,986,290,29.4,284,6,0,0,0,0,6,0,2.1,0.0
48122,39.7,875,268,30.6,261,7,0,0,0,0,7,0,2.6,0.0
48124,46.1,"2,197",343,15.6,340,3,0,0,0,0,3,0,0.9,0.0
48125,26.7,"1,596",410,25.7,404,5,0,0,1,0,6,1,1.5,0.2
48126,54.1,"5,545",1683,30.4,"1,644",28,2,5,4,0,39,9,2.3,0.5
48127,12.1,"2,999",814,27.1,804,10,0,0,0,0,10,0,1.2,0.0
48128,53.0,822,152,18.5,148,4,0,0,0,0,4,0,2.6,0.0
48130,20.9,"1,138",38,3.3,38,0,0,0,0,0,0,0,0.0,0.0
48131,35.7,524,76,14.5,75,1,0,0,0,0,1,0,1.3,0.0
48133,26.5,372,70,18.8,65,5,0,0,0,0,5,0,7.1,0.0
48134,13.1,"1,773",310,17.5,306,4,0,0,0,0,4,0,1.3,0.0
48135,17.6,"1,813",380,21.0,380,0,0,0,0,0,0,0,0.0,0.0
48137,24.9,299,28,9.4,28,0,0,0,0,0,0,0,0.0,0.0
48138,19.1,421,67,15.9,67,0,0,0,0,0,0,0,0.0,0.0
48139,31.0,7,1,14.3,1,0,0,0,0,0,0,0,0.0,0.0
48140,36.2,174,27,15.5,27,0,0,0,0,0,0,0,0.0,0.0
48141,19.0,"2,226",827,37.2,810,16,0,1,0,0,17,1,2.1,0.1
48143,21.7,3,7,233.3,7,0,0,0,0,0,0,0,0.0,0.0
48144,12.4,562,83,14.8,82,1,0,0,0,0,1,0,1.2,0.0
48145,33.6,209,49,23.4,49,0,0,0,0,0,0,0,0.0,0.0
48146,35.2,"3,089",946,30.6,928,15,2,1,0,0,18,1,1.9,0.1
48150,13.8,"1,770",321,18.1,317,4,0,0,0,0,4,0,1.2,0.0
48152,9.3,"1,686",290,17.2,287,2,1,0,0,0,3,0,1.0,0.0
48154,7.0,"1,865",305,16.4,303,2,0,0,0,0,2,0,0.7,0.0
48157,45.8,109,14,12.8,13,1,0,0,0,0,1,0,7.1,0.0
48158,36.1,401,23,5.7,22,1,0,0,0,0,1,0,4.3,0.0
48159,48.2,189,24,12.7,24,0,0,0,0,0,0,0,0.0,0.0
48160,32.2,911,84,9.2,82,2,0,0,0,0,2,0,2.4,0.0
48161,38.7,"2,040",366,17.9,352,14,0,0,0,0,14,0,3.8,0.0
48162,28.5,"2,211",402,18.2,396,5,1,0,0,0,6,0,1.5,0.0
48164,26.3,545,85,15.6,83,1,1,0,0,0,2,0,2.4,0.0
48165,6.1,520,86,16.5,86,0,0,0,0,0,0,0,0.0,0.0
48166,21.0,968,178,18.4,176,2,0,0,0,0,2,0,1.1,0.0
48167,8.9,"1,240",166,13.4,161,4,1,0,0,0,5,0,3.0,0.0
48168,*,"1,566",172,11.0,170,1,0,1,0,0,2,1,1.2,0.6
48169,15.4,"1,258",103,8.2,102,1,0,0,0,0,1,0,1.0,0.0
48170,15.7,"2,512",231,9.2,225,4,1,1,0,0,6,1,2.6,0.4
48173,18.2,913,142,15.6,142,0,0,0,0,0,0,0,0.0,0.0
48174,15.8,"2,538",674,26.6,665,7,1,1,0,0,9,1,1.3,0.1
48176,12.2,"1,298",97,7.5,95,2,0,0,0,0,2,0,2.1,0.0
48178,7.9,"2,225",297,13.3,294,3,0,0,0,0,3,0,1.0,0.0
48179,32.7,191,26,13.6,26,0,0,0,0,0,0,0,0.0,0.0
48180,13.8,"5,287",1484,28.1,"1,457",23,0,4,0,0,27,4,1.8,0.3
48182,17.3,"1,358",160,11.8,154,4,2,0,0,0,6,0,3.8,0.0
48183,9.3,"2,717",469,17.3,455,14,0,0,0,0,14,0,3.0,0.0
48184,30.4,"1,249",307,24.6,304,2,1,0,0,0,3,0,1.0,0.0
48185,4.7,"3,395",892,26.3,879,11,0,2,0,0,13,2,1.5,0.2
48186,17.9,"2,943",664,22.6,648,15,1,0,0,0,16,0,2.4,0.0
48187,2.0,"3,703",501,13.5,494,4,2,1,0,0,7,1,1.4,0.2
48188,2.6,"3,692",485,13.1,476,9,0,0,0,0,9,0,1.9,0.0
48189,15.7,966,87,9.0,87,0,0,0,0,0,0,0,0.0,0.0
48190,70.3,5,12,240.0,12,0,0,0,0,0,0,0,0.0,0.0
48191,30.7,290,26,9.0,26,0,0,0,0,0,0,0,0.0,0.0
48192,37.1,"1,683",356,21.2,346,9,1,0,0,0,10,0,2.8,0.0
48193,*,943,229,24.3,222,7,0,0,0,0,7,0,3.1,0.0
48195,14.7,"1,789",436,24.4,421,13,1,1,0,0,15,1,3.4,0.2
48197,17.0,"5,049",779,15.4,768,10,0,0,1,0,11,1,1.4,0.1
48198,14.0,"3,614",705,19.5,686,17,1,1,0,0,19,1,2.7,0.1
48201,51.0,666,363,54.5,357,5,0,0,0,1,6,1,1.7,0.3
48202,68.5,955,424,44.4,368,41,1,10,3,1,56,14,13.2,3.3
48203,61.4,"2,195",864,39.4,762,75,4,19,4,0,102,23,11.8,2.7
48204,67.2,"2,271",891,39.2,770,89,4,20,7,1,121,28,13.6,3.1
48205,48.2,"4,233",1686,39.8,"1,546",113,1,20,6,0,140,26,8.3,1.5
48206,78.1,"1,665",701,42.1,555,106,7,26,6,1,146,33,20.8,4.7
48207,34.7,"1,326",591,44.6,543,40,1,6,1,0,48,7,8.1,1.2
48208,64.7,854,311,36.4,278,28,1,3,1,0,33,4,10.6,1.3
48209,76.0,"4,220",1756,41.6,"1,617",119,3,15,2,0,139,17,7.9,1.0
48210,68.1,"3,933",1727,43.9,"1,571",125,1,25,5,0,156,30,9.0,1.7
48211,72.1,694,258,37.2,231,25,0,2,0,0,27,2,10.5,0.8
48212,70.6,"4,007",1632,40.7,"1,498",111,8,12,3,0,134,15,8.2,0.9
48213,62.5,"2,368",926,39.1,802,94,4,25,0,1,124,26,13.4,2.8
48214,71.0,"1,516",650,42.9,538,84,1,22,5,0,112,27,17.2,4.2
48215,55.5,"1,083",454,41.9,391,51,1,8,2,1,63,11,13.9,2.4
48216,71.5,506,178,35.2,163,12,2,1,0,0,15,1,8.4,0.6
48217,56.1,643,214,33.3,208,5,0,1,0,0,6,1,2.8,0.5
48218,62.1,752,299,39.8,290,8,0,1,0,0,9,1,3.0,0.3
48219,34.4,"3,543",1693,47.8,"1,623",55,4,10,1,0,70,11,4.1,0.6
48220,59.7,"1,469",289,19.7,279,8,1,1,0,0,10,1,3.5,0.3
48221,63.5,"2,476",1123,45.4,"1,075",41,3,4,0,0,48,4,4.3,0.4
48223,39.5,"2,141",826,38.6,801,22,0,1,2,0,25,3,3.0,0.4
48224,57.9,"4,024",1596,39.7,"1,472",93,3,19,9,0,124,28,7.8,1.8
48225,29.5,"1,086",318,29.3,310,7,0,1,0,0,8,1,2.5,0.3
48226,49.4,113,37,32.7,36,1,0,0,0,0,1,0,2.7,0.0
48227,53.5,"3,524",1591,45.1,"1,484",82,3,18,4,0,107,22,6.7,1.4
48228,39.5,"5,037",2074,41.2,"1,985",73,6,7,3,0,89,10,4.3,0.5
48229,47.3,831,322,38.7,308,12,0,1,1,0,14,2,4.3,0.6
48230,71.4,977,169,17.3,162,7,0,0,0,0,7,0,4.1,0.0
48234,47.2,"3,005",1266,42.1,"1,191",68,1,6,0,0,75,6,5.9,0.5
48235,44.9,"3,103",1358,43.8,"1,298",47,3,9,1,0,60,10,4.4,0.7
48236,43.3,"1,836",275,15.0,271,3,1,0,0,0,4,0,1.5,0.0
48237,16.0,"2,214",671,30.3,661,9,0,1,0,0,10,1,1.5,0.1
48238,71.7,"2,584",1154,44.7,"1,042",89,8,12,2,1,112,15,9.7,1.3
48239,23.1,"2,707",719,26.6,701,17,0,1,0,0,18,1,2.5,0.1
48240,29.4,"1,345",398,29.6,389,6,3,0,0,0,9,0,2.3,0.0
48301,7.3,773,88,11.4,88,0,0,0,0,0,0,0,0.0,0.0
48302,5.5,703,84,11.9,84,0,0,0,0,0,0,0,0.0,0.0
48304,6.0,714,80,11.2,77,1,0,2,0,0,3,2,3.8,2.5
48306,3.9,"1,671",120,7.2,119,1,0,0,0,0,1,0,0.8,0.0
48307,10.9,"3,184",277,8.7,270,6,0,1,0,0,7,1,2.5,0.4
48309,5.4,"1,728",163,9.4,161,1,0,0,0,1,2,1,1.2,0.6
48310,2.1,"3,062",695,22.7,682,11,1,1,0,0,13,1,1.9,0.1
48312,1.9,"2,125",395,18.6,383,9,2,1,0,0,12,1,3.0,0.3
48313,1.8,"2,168",369,17.0,366,3,0,0,0,0,3,0,0.8,0.0
48314,4.2,"1,250",215,17.2,213,2,0,0,0,0,2,0,0.9,0.0
48315,1.8,"1,400",167,11.9,167,0,0,0,0,0,0,0,0.0,0.0
48316,2.7,"1,578",186,11.8,184,1,1,0,0,0,2,0,1.1,0.0
48317,8.4,"2,167",378,17.4,371,7,0,0,0,0,7,0,1.9,0.0
48320,41.4,382,53,13.9,51,2,0,0,0,0,2,0,3.8,0.0
48322,0.9,"1,837",252,13.7,248,3,0,1,0,0,4,1,1.6,0.4
48323,6.6,932,149,16.0,148,1,0,0,0,0,1,0,0.7,0.0
48324,12.6,"1,121",125,11.2,124,1,0,0,0,0,1,0,0.8,0.0
48326,10.6,"1,623",269,16.6,264,4,0,0,1,0,5,1,1.9,0.4
48327,11.0,"1,699",277,16.3,274,3,0,0,0,0,3,0,1.1,0.0
48328,22.0,"2,051",326,15.9,324,2,0,0,0,0,2,0,0.6,0.0
48329,19.4,"1,737",225,13.0,224,1,0,0,0,0,1,0,0.4,0.0
48331,1.2,"1,188",173,14.6,167,6,0,0,0,0,6,0,3.5,0.0
48334,3.9,"1,064",194,18.2,192,2,0,0,0,0,2,0,1.0,0.0
48335,4.0,"1,628",423,26.0,408,12,1,1,1,0,15,2,3.5,0.5
48336,15.7,"1,720",387,22.5,379,8,0,0,0,0,8,0,2.1,0.0
48340,21.4,"2,845",738,25.9,721,14,2,1,0,0,17,1,2.3,0.1
48341,46.4,"1,267",306,24.2,296,8,0,2,0,0,10,2,3.3,0.7
48342,42.3,"1,854",606,32.7,588,15,1,2,0,0,18,2,3.0,0.3
48346,8.4,"1,505",227,15.1,227,0,0,0,0,0,0,0,0.0,0.0
48348,5.8,"1,560",225,14.4,224,1,0,0,0,0,1,0,0.4,0.0
48350,10.6,430,67,15.6,67,0,0,0,0,0,0,0,0.0,0.0
48353,8.1,427,41,9.6,41,0,0,0,0,0,0,0,0.0,0.0
48356,19.4,509,55,10.8,55,0,0,0,0,0,0,0,0.0,0.0
48357,7.9,535,55,10.3,54,1,0,0,0,0,1,0,1.8,0.0
48359,6.4,730,99,13.6,99,0,0,0,0,0,0,0,0.0,0.0
48360,3.6,878,82,9.3,81,1,0,0,0,0,1,0,1.2,0.0
48362,24.4,"1,096",118,10.8,117,1,0,0,0,0,1,0,0.8,0.0
48363,13.0,259,36,13.9,36,0,0,0,0,0,0,0,0.0,0.0
48367,19.1,282,30,10.6,30,0,0,0,0,0,0,0,0.0,0.0
48370,18.4,68,6,8.8,6,0,0,0,0,0,0,0,0.0,0.0
48371,15.5,"1,883",196,10.4,193,2,0,0,1,0,3,1,1.5,0.5
48374,1.3,966,172,17.8,170,2,0,0,0,0,2,0,1.2,0.0
48375,1.0,"1,507",309,20.5,307,2,0,0,0,0,2,0,0.6,0.0
48377,5.7,"1,257",262,20.8,258,3,0,1,0,0,4,1,1.5,0.4
48380,7.4,484,44,9.1,44,0,0,0,0,0,0,0,0.0,0.0
48381,13.6,816,106,13.0,105,1,0,0,0,0,1,0,0.9,0.0
48382,12.4,"1,599",193,12.1,190,2,0,0,1,0,3,1,1.6,0.5
48383,8.8,939,128,13.6,127,1,0,0,0,0,1,0,0.8,0.0
48386,14.1,"1,069",132,12.3,131,1,0,0,0,0,1,0,0.8,0.0
48390,9.9,"1,512",285,18.8,279,5,0,1,0,0,6,1,2.1,0.4
48393,2.4,"1,346",319,23.7,315,4,0,0,0,0,4,0,1.3,0.0
48401,34.3,92,21,22.8,19,2,0,0,0,0,2,0,9.5,0.0
48412,27.7,346,73,21.1,69,3,1,0,0,0,4,0,5.5,0.0
48413,35.9,520,111,21.3,105,6,0,0,0,0,6,0,5.4,0.0
48414,40.4,153,32,20.9,32,0,0,0,0,0,0,0,0.0,0.0
48415,17.4,612,156,25.5,154,2,0,0,0,0,2,0,1.3,0.0
48416,37.6,383,67,17.5,64,3,0,0,0,0,3,0,4.5,0.0
48417,20.6,193,50,25.9,49,1,0,0,0,0,1,0,2.0,0.0
48418,27.6,307,37,12.1,36,1,0,0,0,0,1,0,2.7,0.0
48419,35.4,190,33,17.4,31,2,0,0,0,0,2,0,6.1,0.0
48420,19.3,"1,488",273,18.3,270,3,0,0,0,0,3,0,1.1,0.0
48421,20.4,394,77,19.5,72,5,0,0,0,0,5,0,6.5,0.0
48422,33.1,465,90,19.4,86,3,0,1,0,0,4,1,4.4,1.1
48423,10.5,"2,349",395,16.8,388,6,1,0,0,0,7,0,1.8,0.0
48426,39.6,83,14,16.9,13,1,0,0,0,0,1,0,7.1,0.0
48427,38.6,203,34,16.7,34,0,0,0,0,0,0,0,0.0,0.0
48428,19.7,277,30,10.8,29,1,0,0,0,0,1,0,3.3,0.0
48429,29.7,581,128,22.0,126,2,0,0,0,0,2,0,1.6,0.0
48430,17.2,"2,532",395,15.6,389,5,1,0,0,0,6,0,1.5,0.0
48432,45.3,33,11,33.3,9,2,0,0,0,0,2,0,18.2,0.0
48433,14.4,"1,657",343,20.7,333,10,0,0,0,0,10,0,2.9,0.0
48434,44.6,4,0,0.0,0,0,0,0,0,0,0,0,---,---
48435,24.8,159,24,15.1,24,0,0,0,0,0,0,0,0.0,0.0
48436,19.9,233,46,19.7,43,2,0,0,1,0,3,1,6.5,2.2
48437,36.4,31,3,9.7,3,0,0,0,0,0,0,0,0.0,0.0
48438,16.7,401,64,16.0,64,0,0,0,0,0,0,0,0.0,0.0
48439,6.7,"3,877",581,15.0,574,6,1,0,0,0,7,0,1.2,0.0
48440,100.0,15,1,6.7,1,0,0,0,0,0,0,0,0.0,0.0
48441,42.0,252,39,15.5,36,3,0,0,0,0,3,0,7.7,0.0
48442,18.5,"1,529",234,15.3,232,1,0,1,0,0,2,1,0.9,0.4
48444,29.0,731,170,23.3,159,11,0,0,0,0,11,0,6.5,0.0
48445,34.3,90,20,22.2,19,1,0,0,0,0,1,0,5.0,0.0
48446,20.0,"1,938",426,22.0,414,12,0,0,0,0,12,0,2.8,0.0
48449,17.1,206,49,23.8,48,1,0,0,0,0,1,0,2.0,0.0
48450,28.9,229,45,19.7,44,1,0,0,0,0,1,0,2.2,0.0
48451,16.3,"1,105",153,13.8,151,2,0,0,0,0,2,0,1.3,0.0
48453,37.6,393,71,18.1,70,1,0,0,0,0,1,0,1.4,0.0
48454,34.5,88,16,18.2,15,1,0,0,0,0,1,0,6.3,0.0
48455,16.9,443,48,10.8,46,2,0,0,0,0,2,0,4.2,0.0
48456,51.6,65,12,18.5,12,0,0,0,0,0,0,0,0.0,0.0
48457,21.7,551,142,25.8,139,1,2,0,0,0,3,0,2.1,0.0
48458,18.5,"1,640",418,25.5,410,8,0,0,0,0,8,0,1.9,0.0
48460,34.9,146,39,26.7,38,1,0,0,0,0,1,0,2.6,0.0
48461,21.5,635,101,15.9,98,3,0,0,0,0,3,0,3.0,0.0
48462,14.2,765,109,14.2,108,1,0,0,0,0,1,0,0.9,0.0
48463,21.5,250,50,20.0,49,1,0,0,0,0,1,0,2.0,0.0
48464,27.8,124,25,20.2,24,1,0,0,0,0,1,0,4.0,0.0
48465,33.9,41,4,9.8,4,0,0,0,0,0,0,0,0.0,0.0
48466,41.0,103,23,22.3,23,0,0,0,0,0,0,0,0.0,0.0
48467,22.4,95,11,11.6,10,1,0,0,0,0,1,0,9.1,0.0
48468,31.1,58,16,27.6,16,0,0,0,0,0,0,0,0.0,0.0
48469,24.8,65,18,27.7,17,1,0,0,0,0,1,0,5.6,0.0
48470,44.7,53,5,9.4,4,1,0,0,0,0,1,0,20.0,0.0
48471,29.7,389,72,18.5,71,1,0,0,0,0,1,0,1.4,0.0
48472,49.5,156,24,15.4,24,0,0,0,0,0,0,0,0.0,0.0
48473,14.1,"1,482",302,20.4,300,2,0,0,0,0,2,0,0.7,0.0
48475,39.9,185,28,15.1,26,2,0,0,0,0,2,0,7.1,0.0
48476,59.8,35,6,17.1,5,1,0,0,0,0,1,0,16.7,0.0
48502,69.8,25,11,44.0,10,0,0,1,0,0,1,1,9.1,9.1
48503,49.1,"2,111",494,23.4,474,16,2,1,1,0,20,2,4.0,0.4
48504,31.2,"2,733",711,26.0,685,21,3,1,1,0,26,2,3.7,0.3
48505,38.2,"2,419",573,23.7,557,14,0,1,1,0,16,2,2.8,0.3
48506,31.2,"2,604",570,21.9,555,13,1,0,1,0,15,1,2.6,0.2
48507,20.9,"2,913",760,26.1,742,15,1,1,1,0,18,2,2.4,0.3
48509,20.0,551,102,18.5,101,1,0,0,0,0,1,0,1.0,0.0
48519,14.9,490,132,26.9,131,1,0,0,0,0,1,0,0.8,0.0
48529,30.0,908,272,30.0,269,2,1,0,0,0,3,0,1.1,0.0
48532,14.5,"1,322",347,26.2,340,7,0,0,0,0,7,0,2.0,0.0
48601,36.4,"3,543",1208,34.1,"1,161",42,2,3,0,0,47,3,3.9,0.2
48602,59.9,"2,819",761,27.0,717,32,4,7,1,0,44,8,5.8,1.1
48603,7.6,"1,627",398,24.5,386,12,0,0,0,0,12,0,3.0,0.0
48604,26.7,675,182,27.0,180,2,0,0,0,0,2,0,1.1,0.0
48607,74.4,85,33,38.8,27,4,0,2,0,0,6,2,18.2,6.1
48609,12.9,634,115,18.1,114,1,0,0,0,0,1,0,0.9,0.0
48610,7.9,138,23,16.7,22,1,0,0,0,0,1,0,4.3,0.0
48611,21.9,460,52,11.3,51,1,0,0,0,0,1,0,1.9,0.0
48612,11.6,528,95,18.0,93,2,0,0,0,0,2,0,2.1,0.0
48613,24.9,93,15,16.1,15,0,0,0,0,0,0,0,0.0,0.0
48614,25.3,113,14,12.4,14,0,0,0,0,0,0,0,0.0,0.0
48615,40.3,236,36,15.3,36,0,0,0,0,0,0,0,0.0,0.0
48616,31.2,521,120,23.0,116,4,0,0,0,0,4,0,3.3,0.0
48617,23.9,778,129,16.6,127,2,0,0,0,0,2,0,1.6,0.0
48618,29.3,358,36,10.1,36,0,0,0,0,0,0,0,0.0,0.0
48619,37.2,17,3,17.6,3,0,0,0,0,0,0,0,0.0,0.0
48620,10.4,*,0,---,0,0,0,0,0,0,0,0,---,---
48621,15.6,78,5,6.4,5,0,0,0,0,0,0,0,0.0,0.0
48622,13.1,437,66,15.1,66,0,0,0,0,0,0,0,0.0,0.0
48623,18.6,935,160,17.1,157,2,1,0,0,0,3,0,1.9,0.0
48624,15.8,959,145,15.1,142,3,0,0,0,0,3,0,2.1,0.0
48625,10.2,809,178,22.0,178,0,0,0,0,0,0,0,0.0,0.0
48626,22.7,333,53,15.9,52,1,0,0,0,0,1,0,1.9,0.0
48627,26.8,6,1,16.7,1,0,0,0,0,0,0,0,0.0,0.0
48628,14.3,106,6,5.7,6,0,0,0,0,0,0,0,0.0,0.0
48629,15.7,380,54,14.2,54,0,0,0,0,0,0,0,0.0,0.0
48630,49.4,2,0,0.0,0,0,0,0,0,0,0,0,---,---
48631,27.2,284,53,18.7,53,0,0,0,0,0,0,0,0.0,0.0
48632,13.8,301,59,19.6,58,1,0,0,0,0,1,0,1.7,0.0
48633,22.7,4,0,0.0,0,0,0,0,0,0,0,0,---,---
48634,25.2,256,43,16.8,43,0,0,0,0,0,0,0,0.0,0.0
48635,23.4,70,5,7.1,5,0,0,0,0,0,0,0,0.0,0.0
48636,19.1,42,4,9.5,4,0,0,0,0,0,0,0,0.0,0.0
48637,35.3,213,40,18.8,39,1,0,0,0,0,1,0,2.5,0.0
48638,*,805,201,25.0,197,4,0,0,0,0,4,0,2.0,0.0
48640,21.4,"2,199",217,9.9,212,5,0,0,0,0,5,0,2.3,0.0
48642,11.3,"2,359",186,7.9,184,2,0,0,0,0,2,0,1.1,0.0
48647,23.2,335,29,8.7,28,1,0,0,0,0,1,0,3.4,0.0
48649,35.6,81,24,29.6,24,0,0,0,0,0,0,0,0.0,0.0
48650,21.6,475,71,14.9,70,1,0,0,0,0,1,0,1.4,0.0
48651,13.8,220,61,27.7,61,0,0,0,0,0,0,0,0.0,0.0
48652,13.6,86,12,14.0,12,0,0,0,0,0,0,0,0.0,0.0
48653,18.1,520,75,14.4,70,5,0,0,0,0,5,0,6.7,0.0
48654,15.2,127,11,8.7,10,1,0,0,0,0,1,0,9.1,0.0
48655,29.5,419,90,21.5,89,1,0,0,0,0,1,0,1.1,0.0
48656,10.8,170,39,22.9,38,1,0,0,0,0,1,0,2.6,0.0
48657,10.5,449,36,8.0,36,0,0,0,0,0,0,0,0.0,0.0
48658,24.3,350,63,18.0,63,0,0,0,0,0,0,0,0.0,0.0
48659,24.7,197,39,19.8,39,0,0,0,0,0,0,0,0.0,0.0
48661,19.7,659,48,7.3,48,0,0,0,0,0,0,0,0.0,0.0
48662,44.8,103,11,10.7,11,0,0,0,0,0,0,0,0.0,0.0
48701,47.5,131,31,23.7,30,1,0,0,0,0,1,0,3.2,0.0
48703,21.1,151,22,14.6,22,0,0,0,0,0,0,0,0.0,0.0
48705,19.5,12,1,8.3,1,0,0,0,0,0,0,0,0.0,0.0
48706,33.5,"2,707",536,19.8,515,19,0,2,0,0,21,2,3.9,0.4
48708,59.1,"2,246",471,21.0,426,39,0,5,1,0,45,6,9.6,1.3
48720,57.8,40,9,22.5,8,1,0,0,0,0,1,0,11.1,0.0
48721,15.0,17,0,0.0,0,0,0,0,0,0,0,0,---,---
48722,17.1,214,44,20.6,44,0,0,0,0,0,0,0,0.0,0.0
48723,31.4,809,236,29.2,230,6,0,0,0,0,6,0,2.5,0.0
48724,47.5,26,11,42.3,11,0,0,0,0,0,0,0,0.0,0.0
48725,14.8,105,22,21.0,21,1,0,0,0,0,1,0,4.5,0.0
48726,37.7,474,103,21.7,99,4,0,0,0,0,4,0,3.9,0.0
48727,33.2,84,21,25.0,21,0,0,0,0,0,0,0,0.0,0.0
48728,24.5,7,3,42.9,3,0,0,0,0,0,0,0,0.0,0.0
48729,33.3,111,22,19.8,22,0,0,0,0,0,0,0,0.0,0.0
48730,29.3,212,22,10.4,22,0,0,0,0,0,0,0,0.0,0.0
48731,44.5,125,26,20.8,25,1,0,0,0,0,1,0,3.8,0.0
48732,22.5,700,134,19.1,132,2,0,0,0,0,2,0,1.5,0.0
48733,46.4,120,27,22.5,26,1,0,0,0,0,1,0,3.7,0.0
48734,20.2,396,59,14.9,59,0,0,0,0,0,0,0,0.0,0.0
48735,48.0,88,17,19.3,16,1,0,0,0,0,1,0,5.9,0.0
48737,19.2,38,1,2.6,1,0,0,0,0,0,0,0,0.0,0.0
48738,22.6,47,7,14.9,7,0,0,0,0,0,0,0,0.0,0.0
48739,19.0,173,13,7.5,13,0,0,0,0,0,0,0,0.0,0.0
48740,24.2,109,20,18.3,20,0,0,0,0,0,0,0,0.0,0.0
48741,32.3,152,27,17.8,26,1,0,0,0,0,1,0,3.7,0.0
48742,19.9,55,7,12.7,7,0,0,0,0,0,0,0,0.0,0.0
48743,26.1,1,1,100.0,1,0,0,0,0,0,0,0,0.0,0.0
48744,30.3,291,86,29.6,85,1,0,0,0,0,1,0,1.2,0.0
48745,21.4,51,5,9.8,5,0,0,0,0,0,0,0,0.0,0.0
48746,22.1,532,116,21.8,114,2,0,0,0,0,2,0,1.7,0.0
48747,44.3,94,19,20.2,17,2,0,0,0,0,2,0,10.5,0.0
48748,16.8,66,4,6.1,4,0,0,0,0,0,0,0,0.0,0.0
48749,15.4,57,12,21.1,12,0,0,0,0,0,0,0,0.0,0.0
48750,14.0,475,73,15.4,69,3,1,0,0,0,4,0,5.5,0.0
48754,50.0,62,15,24.2,15,0,0,0,0,0,0,0,0.0,0.0
48755,27.3,153,30,19.6,29,1,0,0,0,0,1,0,3.3,0.0
48756,14.5,322,22,6.8,21,1,0,0,0,0,1,0,4.5,0.0
48757,30.8,239,58,24.3,58,0,0,0,0,0,0,0,0.0,0.0
48759,43.8,209,51,24.4,48,2,0,1,0,0,3,1,5.9,2.0
48760,23.3,119,17,14.3,17,0,0,0,0,0,0,0,0.0,0.0
48761,18.4,27,3,11.1,3,0,0,0,0,0,0,0,0.0,0.0
48762,25.6,39,1,2.6,1,0,0,0,0,0,0,0,0.0,0.0
48763,25.3,232,24,10.3,24,0,0,0,0,0,0,0,0.0,0.0
48765,27.6,34,8,23.5,8,0,0,0,0,0,0,0,0.0,0.0
48766,22.9,64,16,25.0,15,1,0,0,0,0,1,0,6.3,0.0
48767,59.1,151,29,19.2,29,0,0,0,0,0,0,0,0.0,0.0
48768,30.5,634,151,23.8,147,4,0,0,0,0,4,0,2.6,0.0
48770,27.8,99,7,7.1,6,1,0,0,0,0,1,0,14.3,0.0
48801,36.0,965,178,18.4,175,3,0,0,0,0,3,0,1.7,0.0
48804,*,*,2,---,2,0,0,0,0,0,0,0,0.0,0.0
48806,44.2,95,13,13.7,12,1,0,0,0,0,1,0,7.7,0.0
48807,37.0,61,16,26.2,16,0,0,0,0,0,0,0,0.0,0.0
48808,19.9,391,48,12.3,47,1,0,0,0,0,1,0,2.1,0.0
48809,35.7,862,194,22.5,192,2,0,0,0,0,2,0,1.0,0.0
48811,49.8,290,26,9.0,26,0,0,0,0,0,0,0,0.0,0.0
48813,36.7,"1,515",221,14.6,216,4,1,0,0,0,5,0,2.3,0.0
48815,41.4,210,22,10.5,22,0,0,0,0,0,0,0,0.0,0.0
48817,35.4,442,124,28.1,122,2,0,0,0,0,2,0,1.6,0.0
48818,32.0,180,29,16.1,29,0,0,0,0,0,0,0,0.0,0.0
48819,34.4,207,26,12.6,26,0,0,0,0,0,0,0,0.0,0.0
48820,15.5,"1,215",97,8.0,96,1,0,0,0,0,1,0,1.0,0.0
48821,19.2,268,30,11.2,30,0,0,0,0,0,0,0,0.0,0.0
48822,33.4,152,9,5.9,9,0,0,0,0,0,0,0,0.0,0.0
48823,13.8,"2,121",368,17.4,356,12,0,0,0,0,12,0,3.3,0.0
48827,30.7,"1,134",163,14.4,159,4,0,0,0,0,4,0,2.5,0.0
48829,34.9,229,35,15.3,33,2,0,0,0,0,2,0,5.7,0.0
48830,44.4,*,0,---,0,0,0,0,0,0,0,0,---,---
48831,52.7,241,42,17.4,41,1,0,0,0,0,1,0,2.4,0.0
48832,24.1,89,10,11.2,10,0,0,0,0,0,0,0,0.0,0.0
48834,32.8,147,18,12.2,18,0,0,0,0,0,0,0,0.0,0.0
48835,45.2,253,24,9.5,24,0,0,0,0,0,0,0,0.0,0.0
48836,26.2,"1,158",146,12.6,144,1,0,0,1,0,2,1,1.4,0.7
48837,27.3,"1,248",115,9.2,115,0,0,0,0,0,0,0,0.0,0.0
48838,24.4,"1,485",206,13.9,203,3,0,0,0,0,3,0,1.5,0.0
48840,8.5,669,93,13.9,92,1,0,0,0,0,1,0,1.1,0.0
48841,54.9,50,14,28.0,13,1,0,0,0,0,1,0,7.1,0.0
48842,11.4,"1,582",236,14.9,232,4,0,0,0,0,4,0,1.7,0.0
48843,15.8,"3,324",273,8.2,269,4,0,0,0,0,4,0,1.5,0.0
48845,53.1,60,15,25.0,15,0,0,0,0,0,0,0,0.0,0.0
48846,42.1,"1,373",293,21.3,287,5,1,0,0,0,6,0,2.0,0.0
48847,47.3,395,67,17.0,66,1,0,0,0,0,1,0,1.5,0.0
48848,22.5,523,60,11.5,60,0,0,0,0,0,0,0,0.0,0.0
48849,44.5,441,60,13.6,60,0,0,0,0,0,0,0,0.0,0.0
48850,30.6,336,40,11.9,40,0,0,0,0,0,0,0,0.0,0.0
48851,31.6,185,25,13.5,25,0,0,0,0,0,0,0,0.0,0.0
48852,79.1,15,0,0.0,0,0,0,0,0,0,0,0,---,---
48853,61.1,59,7,11.9,7,0,0,0,0,0,0,0,0.0,0.0
48854,27.7,"1,174",223,19.0,220,3,0,0,0,0,3,0,1.3,0.0
48855,*,"1,087",85,7.8,85,0,0,0,0,0,0,0,0.0,0.0
48856,61.4,76,8,10.5,8,0,0,0,0,0,0,0,0.0,0.0
48857,31.8,184,34,18.5,33,1,0,0,0,0,1,0,2.9,0.0
48858,17.0,"2,693",516,19.2,508,6,1,0,1,0,8,1,1.6,0.2
48860,42.0,106,24,22.6,24,0,0,0,0,0,0,0,0.0,0.0
48861,41.3,114,17,14.9,17,0,0,0,0,0,0,0,0.0,0.0
48864,6.4,"1,210",131,10.8,130,1,0,0,0,0,1,0,0.8,0.0
48865,29.3,122,36,29.5,34,2,0,0,0,0,2,0,5.6,0.0
48866,43.5,367,64,17.4,59,4,0,1,0,0,5,1,7.8,1.6
48867,42.9,"2,012",655,32.6,626,24,1,2,2,0,29,4,4.4,0.6
48870,*,11,1,9.1,1,0,0,0,0,0,0,0,0.0,0.0
48871,31.4,126,17,13.5,17,0,0,0,0,0,0,0,0.0,0.0
48872,25.6,574,86,15.0,83,3,0,0,0,0,3,0,3.5,0.0
48873,46.0,133,11,8.3,11,0,0,0,0,0,0,0,0.0,0.0
48874,79.0,22,4,18.2,4,0,0,0,0,0,0,0,0.0,0.0
48875,35.1,869,71,8.2,69,2,0,0,0,0,2,0,2.8,0.0
48876,18.0,374,46,12.3,46,0,0,0,0,0,0,0,0.0,0.0
48877,22.9,166,21,12.7,20,1,0,0,0,0,1,0,4.8,0.0
48878,35.9,155,25,16.1,25,0,0,0,0,0,0,0,0.0,0.0
48879,38.6,"1,387",166,12.0,159,7,0,0,0,0,7,0,4.2,0.0
48880,35.1,566,92,16.3,91,1,0,0,0,0,1,0,1.1,0.0
48881,31.3,422,54,12.8,52,1,0,1,0,0,2,1,3.7,1.9
48883,25.1,567,86,15.2,86,0,0,0,0,0,0,0,0.0,0.0
48884,30.5,304,39,12.8,38,1,0,0,0,0,1,0,2.6,0.0
48885,36.5,66,14,21.2,14,0,0,0,0,0,0,0,0.0,0.0
48886,23.2,151,15,9.9,15,0,0,0,0,0,0,0,0.0,0.0
48888,26.2,426,56,13.1,56,0,0,0,0,0,0,0,0.0,0.0
48889,35.3,77,13,16.9,13,0,0,0,0,0,0,0,0.0,0.0
48890,42.3,164,22,13.4,22,0,0,0,0,0,0,0,0.0,0.0
48891,24.1,199,25,12.6,24,1,0,0,0,0,1,0,4.0,0.0
48892,33.3,330,61,18.5,60,1,0,0,0,0,1,0,1.6,0.0
48893,10.3,421,65,15.4,65,0,0,0,0,0,0,0,0.0,0.0
48894,39.4,188,9,4.8,9,0,0,0,0,0,0,0,0.0,0.0
48895,26.0,750,85,11.3,84,1,0,0,0,0,1,0,1.2,0.0
48896,44.9,23,1,4.3,1,0,0,0,0,0,0,0,0.0,0.0
48897,55.5,99,13,13.1,13,0,0,0,0,0,0,0,0.0,0.0
48906,39.6,"2,458",721,29.3,682,37,2,0,0,0,39,0,5.4,0.0
48910,37.7,"3,059",843,27.6,795,46,0,1,1,0,48,2,5.7,0.2
48911,8.3,"3,773",1264,33.5,"1,217",45,0,2,0,0,47,2,3.7,0.2
48912,48.3,"1,219",324,26.6,286,37,0,1,0,0,38,1,11.7,0.3
48915,61.2,889,319,35.9,304,15,0,0,0,0,15,0,4.7,0.0
48917,9.6,"2,040",354,17.4,351,3,0,0,0,0,3,0,0.8,0.0
48933,42.8,118,37,31.4,35,2,0,0,0,0,2,0,5.4,0.0
49001,44.5,"2,232",555,24.9,519,29,4,3,0,0,36,3,6.5,0.5
49002,13.4,"1,531",230,15.0,226,4,0,0,0,0,4,0,1.7,0.0
49004,22.5,"1,203",248,20.6,245,3,0,0,0,0,3,0,1.2,0.0
49006,15.1,"1,359",273,20.1,265,7,0,1,0,0,8,1,2.9,0.4
49007,61.2,838,285,34.0,254,25,4,1,1,0,31,2,10.9,0.7
49008,32.6,"1,019",197,19.3,186,6,2,3,0,0,11,3,5.6,1.5
49009,7.5,"2,965",408,13.8,405,3,0,0,0,0,3,0,0.7,0.0
49010,31.7,"1,339",220,16.4,213,5,1,1,0,0,7,1,3.2,0.5
49011,43.1,142,25,17.6,24,0,0,0,1,0,1,1,4.0,4.0
49012,32.0,165,27,16.4,26,1,0,0,0,0,1,0,3.7,0.0
49013,33.1,487,94,19.3,94,0,0,0,0,0,0,0,0.0,0.0
49014,32.3,"1,652",297,18.0,281,12,1,2,1,0,16,3,5.4,1.0
49015,30.1,"2,230",475,21.3,467,7,0,1,0,0,8,1,1.7,0.2
49017,39.0,"1,430",473,33.1,455,14,1,1,2,0,18,3,3.8,0.6
49021,36.5,443,78,17.6,76,2,0,0,0,0,2,0,2.6,0.0
49022,34.2,"3,136",706,22.5,669,32,0,5,0,0,37,5,5.2,0.7
49024,4.5,"2,295",333,14.5,328,4,0,1,0,0,5,1,1.5,0.3
49026,33.1,153,26,17.0,26,0,0,0,0,0,0,0,0.0,0.0
49027,70.5,15,1,6.7,1,0,0,0,0,0,0,0,0.0,0.0
49028,38.9,562,114,20.3,110,4,0,0,0,0,4,0,3.5,0.0
49029,48.3,104,20,19.2,20,0,0,0,0,0,0,0,0.0,0.0
49030,44.3,269,26,9.7,25,1,0,0,0,0,1,0,3.8,0.0
49031,32.0,547,58,10.6,57,0,1,0,0,0,1,0,1.7,0.0
49032,39.4,230,56,24.3,54,1,1,0,0,0,2,0,3.6,0.0
49033,33.4,82,8,9.8,8,0,0,0,0,0,0,0,0.0,0.0
49034,39.6,141,22,15.6,21,1,0,0,0,0,1,0,4.5,0.0
49036,32.0,"1,739",440,25.3,415,22,3,0,0,0,25,0,5.7,0.0
49037,*,"2,157",226,10.5,221,5,0,0,0,0,5,0,2.2,0.0
49038,30.2,618,58,9.4,55,2,0,1,0,0,3,1,5.2,1.7
49040,37.0,266,34,12.8,34,0,0,0,0,0,0,0,0.0,0.0
49042,41.1,394,89,22.6,88,1,0,0,0,0,1,0,1.1,0.0
49043,31.0,212,36,17.0,34,1,0,1,0,0,2,1,5.6,2.8
49045,39.3,429,79,18.4,78,1,0,0,0,0,1,0,1.3,0.0
49046,25.1,428,55,12.9,54,1,0,0,0,0,1,0,1.8,0.0
49047,36.8,"1,165",180,15.5,167,11,1,1,0,0,13,1,7.2,0.6
49048,*,"2,350",535,22.8,518,15,1,1,0,0,17,1,3.2,0.2
49050,26.1,85,14,16.5,12,2,0,0,0,0,2,0,14.3,0.0
49051,30.1,160,23,14.4,23,0,0,0,0,0,0,0,0.0,0.0
49052,53.0,70,18,25.7,16,1,1,0,0,0,2,0,11.1,0.0
49053,24.7,553,101,18.3,99,2,0,0,0,0,2,0,2.0,0.0
49055,21.8,402,55,13.7,53,1,1,0,0,0,2,0,3.6,0.0
49056,28.4,312,72,23.1,72,0,0,0,0,0,0,0,0.0,0.0
49057,35.1,674,116,17.2,115,1,0,0,0,0,1,0,0.9,0.0
49058,34.4,"1,432",163,11.4,158,4,1,0,0,0,5,0,3.1,0.0
49060,40.1,88,10,11.4,10,0,0,0,0,0,0,0,0.0,0.0
49061,35.5,107,15,14.0,13,1,1,0,0,0,2,0,13.3,0.0
49064,33.3,276,40,14.5,39,0,0,1,0,0,1,1,2.5,2.5
49065,22.9,449,64,14.3,63,1,0,0,0,0,1,0,1.6,0.0
49066,62.9,63,14,22.2,14,0,0,0,0,0,0,0,0.0,0.0
49067,40.8,298,38,12.8,37,1,0,0,0,0,1,0,2.6,0.0
49068,38.6,972,128,13.2,125,2,0,1,0,0,3,1,2.3,0.8
49070,34.4,210,20,9.5,20,0,0,0,0,0,0,0,0.0,0.0
49071,11.4,720,60,8.3,58,2,0,0,0,0,2,0,3.3,0.0
49072,37.4,230,29,12.6,28,1,0,0,0,0,1,0,3.4,0.0
49073,45.8,383,52,13.6,50,1,1,0,0,0,2,0,3.8,0.0
49075,12.5,11,3,27.3,3,0,0,0,0,0,0,0,0.0,0.0
49076,36.9,278,36,12.9,36,0,0,0,0,0,0,0,0.0,0.0
49078,35.8,612,81,13.2,76,5,0,0,0,0,5,0,6.2,0.0
49079,29.5,"1,056",123,11.6,119,3,0,1,0,0,4,1,3.3,0.8
49080,25.4,"1,168",183,15.7,177,5,1,0,0,0,6,0,3.3,0.0
49082,39.0,602,98,16.3,95,2,1,0,0,0,3,0,3.1,0.0
49083,20.3,452,49,10.8,48,1,0,0,0,0,1,0,2.0,0.0
49085,28.8,"1,430",86,6.0,85,0,0,1,0,0,1,1,1.2,1.2
49087,26.0,431,42,9.7,40,2,0,0,0,0,2,0,4.8,0.0
49088,31.4,270,46,17.0,45,1,0,0,0,0,1,0,2.2,0.0
49089,41.7,142,22,15.5,21,1,0,0,0,0,1,0,4.5,0.0
49090,33.2,954,151,15.8,145,5,0,1,0,0,6,1,4.0,0.7
49091,33.0,"1,880",341,18.1,329,11,0,1,0,0,12,1,3.5,0.3
49092,50.9,145,20,13.8,19,1,0,0,0,0,1,0,5.0,0.0
49093,33.8,"1,480",281,19.0,267,10,3,0,1,0,14,1,5.0,0.4
49094,45.3,295,56,19.0,53,3,0,0,0,0,3,0,5.4,0.0
49095,24.4,108,14,13.0,13,1,0,0,0,0,1,0,7.1,0.0
49096,44.5,262,28,10.7,26,1,1,0,0,0,2,0,7.1,0.0
49097,30.6,757,118,15.6,117,1,0,0,0,0,1,0,0.8,0.0
49098,38.6,461,40,8.7,40,0,0,0,0,0,0,0,0.0,0.0
49099,26.0,351,99,28.2,92,7,0,0,0,0,7,0,7.1,0.0
49101,29.0,208,13,6.3,12,1,0,0,0,0,1,0,7.7,0.0
49102,42.3,91,8,8.8,8,0,0,0,0,0,0,0,0.0,0.0
49103,24.2,751,135,18.0,134,0,0,0,1,0,1,1,0.7,0.7
49106,18.3,272,19,7.0,17,2,0,0,0,0,2,0,10.5,0.0
49107,35.6,731,108,14.8,105,2,0,1,0,0,3,1,2.8,0.9
49111,34.8,225,63,28.0,63,0,0,0,0,0,0,0,0.0,0.0
49112,21.0,730,70,9.6,70,0,0,0,0,0,0,0,0.0,0.0
49113,44.5,127,13,10.2,12,1,0,0,0,0,1,0,7.7,0.0
49115,42.5,7,0,0.0,0,0,0,0,0,0,0,0,---,---
49116,59.5,14,0,0.0,0,0,0,0,0,0,0,0,---,---
49117,30.2,197,15,7.6,15,0,0,0,0,0,0,0,0.0,0.0
49119,64.3,11,2,18.2,2,0,0,0,0,0,0,0,0.0,0.0
49120,33.8,"2,812",437,15.5,422,13,0,2,0,0,15,2,3.4,0.5
49125,52.7,96,14,14.6,14,0,0,0,0,0,0,0,0.0,0.0
49126,26.9,95,31,32.6,31,0,0,0,0,0,0,0,0.0,0.0
49127,13.0,714,34,4.8,34,0,0,0,0,0,0,0,0.0,0.0
49128,42.8,212,27,12.7,26,0,0,0,1,0,1,1,3.7,3.7
49129,53.1,27,0,0.0,0,0,0,0,0,0,0,0,---,---
49130,19.9,83,10,12.0,10,0,0,0,0,0,0,0,0.0,0.0
49201,26.9,"2,651",768,29.0,720,40,3,4,1,0,48,5,6.3,0.7
49202,46.2,"1,986",588,29.6,553,32,3,0,0,0,35,0,6.0,0.0
49203,46.1,"3,407",933,27.4,851,67,4,9,1,1,82,11,8.8,1.2
49220,33.9,145,39,26.9,39,0,0,0,0,0,0,0,0.0,0.0
49221,37.2,"2,982",807,27.1,741,54,9,3,0,0,66,3,8.2,0.4
49224,45.8,"1,065",187,17.6,173,11,1,1,1,0,14,2,7.5,1.1
49227,45.3,95,21,22.1,20,1,0,0,0,0,1,0,4.8,0.0
49228,55.7,392,65,16.6,65,0,0,0,0,0,0,0,0.0,0.0
49229,49.3,181,44,24.3,44,0,0,0,0,0,0,0,0.0,0.0
49230,22.4,506,97,19.2,97,0,0,0,0,0,0,0,0.0,0.0
49232,35.9,289,45,15.6,43,2,0,0,0,0,2,0,4.4,0.0
49233,28.1,174,29,16.7,28,1,0,0,0,0,1,0,3.4,0.0
49234,38.3,119,31,26.1,31,0,0,0,0,0,0,0,0.0,0.0
49235,49.6,151,37,24.5,36,1,0,0,0,0,1,0,2.7,0.0
49236,35.8,312,43,13.8,43,0,0,0,0,0,0,0,0.0,0.0
49237,36.9,196,48,24.5,48,0,0,0,0,0,0,0,0.0,0.0
49238,54.6,153,31,20.3,31,0,0,0,0,0,0,0,0.0,0.0
49240,27.8,587,71,12.1,67,4,0,0,0,0,4,0,5.6,0.0
49241,32.1,196,39,19.9,37,1,1,0,0,0,2,0,5.1,0.0
49242,40.9,"1,032",280,27.1,274,5,0,1,0,0,6,1,2.1,0.4
49245,40.9,393,64,16.3,60,3,0,1,0,0,4,1,6.3,1.6
49246,23.7,151,39,25.8,39,0,0,0,0,0,0,0,0.0,0.0
49247,49.3,405,95,23.5,90,5,0,0,0,0,5,0,5.3,0.0
49248,76.0,58,7,12.1,6,1,0,0,0,0,1,0,14.3,0.0
49249,18.5,236,56,23.7,55,1,0,0,0,0,1,0,1.8,0.0
49250,37.4,475,114,24.0,110,4,0,0,0,0,4,0,3.5,0.0
49251,33.5,428,84,19.6,83,1,0,0,0,0,1,0,1.2,0.0
49252,42.4,208,40,19.2,38,2,0,0,0,0,2,0,5.0,0.0
49253,36.1,162,29,17.9,28,1,0,0,0,0,1,0,3.4,0.0
49254,49.6,171,37,21.6,35,1,1,0,0,0,2,0,5.4,0.0
49255,53.1,227,24,10.6,22,2,0,0,0,0,2,0,8.3,0.0
49256,54.8,318,69,21.7,65,2,1,0,1,0,4,1,5.8,1.4
49259,26.7,170,31,18.2,29,2,0,0,0,0,2,0,6.5,0.0
49261,,,6,,6,0,0,0,0,0,,0,0.0,
49262,54.2,71,22,31.0,22,0,0,0,0,0,0,0,0.0,0.0
49263,53.3,6,1,16.7,1,0,0,0,0,0,0,0,0.0,0.0
49264,28.9,135,23,17.0,23,0,0,0,0,0,0,0,0.0,0.0
49265,28.1,307,46,15.0,44,2,0,0,0,0,2,0,4.3,0.0
49266,37.8,226,62,27.4,60,2,0,0,0,0,2,0,3.2,0.0
49267,39.6,247,23,9.3,22,1,0,0,0,0,1,0,4.3,0.0
49268,62.6,82,19,23.2,18,0,1,0,0,0,1,0,5.3,0.0
49269,28.4,418,98,23.4,95,3,0,0,0,0,3,0,3.1,0.0
49270,28.9,347,71,20.5,69,2,0,0,0,0,2,0,2.8,0.0
49271,54.7,137,33,24.1,31,2,0,0,0,0,2,0,6.1,0.0
49272,33.9,141,38,27.0,35,3,0,0,0,0,3,0,7.9,0.0
49274,40.3,317,49,15.5,48,1,0,0,0,0,1,0,2.0,0.0
49276,66.0,58,7,12.1,7,0,0,0,0,0,0,0,0.0,0.0
49277,23.9,237,44,18.6,41,3,0,0,0,0,3,0,6.8,0.0
49279,57.6,59,8,13.6,8,0,0,0,0,0,0,0,0.0,0.0
49282,6.9,11,4,36.4,4,0,0,0,0,0,0,0,0.0,0.0
49283,15.6,187,45,24.1,43,2,0,0,0,0,2,0,4.4,0.0
49284,40.4,225,42,18.7,41,1,0,0,0,0,1,0,2.4,0.0
49285,34.9,395,63,15.9,61,2,0,0,0,0,2,0,3.2,0.0
49286,26.5,"1,016",153,15.1,146,7,0,0,0,0,7,0,4.6,0.0
49287,29.8,153,14,9.2,14,0,0,0,0,0,0,0,0.0,0.0
49288,64.2,116,40,34.5,38,2,0,0,0,0,2,0,5.0,0.0
49289,64.9,9,0,0.0,0,0,0,0,0,0,0,0,---,---
49301,13.7,"1,477",126,8.5,123,3,0,0,0,0,3,0,2.4,0.0
49302,21.0,570,51,8.9,51,0,0,0,0,0,0,0,0.0,0.0
49303,30.7,107,13,12.1,13,0,0,0,0,0,0,0,0.0,0.0
49304,13.8,230,46,20.0,45,1,0,0,0,0,1,0,2.2,0.0
49305,22.0,151,28,18.5,26,2,0,0,0,0,2,0,7.1,0.0
49306,9.9,651,72,11.1,72,0,0,0,0,0,0,0,0.0,0.0
49307,25.6,"1,132",168,14.8,168,0,0,0,0,0,0,0,0.0,0.0
49309,15.8,75,17,22.7,17,0,0,0,0,0,0,0,0.0,0.0
49310,33.7,251,20,8.0,20,0,0,0,0,0,0,0,0.0,0.0
49312,3.2,14,0,0.0,0,0,0,0,0,0,0,0,---,---
49315,17.7,"1,597",171,10.7,168,3,0,0,0,0,3,0,1.8,0.0
49316,16.7,"1,763",150,8.5,148,2,0,0,0,0,2,0,1.3,0.0
49318,42.0,106,36,34.0,35,1,0,0,0,0,1,0,2.8,0.0
49319,17.1,"1,478",216,14.6,216,0,0,0,0,0,0,0,0.0,0.0
49320,,,1,,1,0,0,0,0,0,,0,0.0,
49321,8.9,"1,462",304,20.8,294,10,0,0,0,0,10,0,3.3,0.0
49322,40.4,101,5,5.0,4,1,0,0,0,0,1,0,20.0,0.0
49323,13.8,876,62,7.1,62,0,0,0,0,0,0,0,0.0,0.0
49325,37.9,161,16,9.9,15,0,1,0,0,0,1,0,6.3,0.0
49326,14.4,258,40,15.5,40,0,0,0,0,0,0,0,0.0,0.0
49327,22.4,756,81,10.7,81,0,0,0,0,0,0,0,0.0,0.0
49328,39.7,312,32,10.3,32,0,0,0,0,0,0,0,0.0,0.0
49329,17.8,729,94,12.9,92,2,0,0,0,0,2,0,2.1,0.0
49330,30.4,524,90,17.2,90,0,0,0,0,0,0,0,0.0,0.0
49331,21.6,"1,332",151,11.3,148,3,0,0,0,0,3,0,2.0,0.0
49332,22.1,158,32,20.3,31,1,0,0,0,0,1,0,3.1,0.0
49333,21.6,"1,037",77,7.4,77,0,0,0,0,0,0,0,0.0,0.0
49335,71.8,27,0,0.0,0,0,0,0,0,0,0,0,---,---
49336,26.1,367,46,12.5,44,2,0,0,0,0,2,0,4.3,0.0
49337,20.6,848,88,10.4,88,0,0,0,0,0,0,0,0.0,0.0
49338,14.4,130,23,17.7,23,0,0,0,0,0,0,0,0.0,0.0
49339,32.5,178,17,9.6,17,0,0,0,0,0,0,0,0.0,0.0
49340,29.0,184,27,14.7,27,0,0,0,0,0,0,0,0.0,0.0
49341,14.3,"2,878",282,9.8,278,4,0,0,0,0,4,0,1.4,0.0
49342,23.3,124,8,6.5,8,0,0,0,0,0,0,0,0.0,0.0
49343,22.4,456,66,14.5,65,1,0,0,0,0,1,0,1.5,0.0
49344,23.0,240,31,12.9,30,1,0,0,0,0,1,0,3.2,0.0
49345,27.3,"1,084",177,16.3,172,5,0,0,0,0,5,0,2.8,0.0
49346,7.4,342,35,10.2,34,1,0,0,0,0,1,0,2.9,0.0
49347,29.8,69,12,17.4,12,0,0,0,0,0,0,0,0.0,0.0
49348,21.9,"1,036",105,10.1,105,0,0,0,0,0,0,0,0.0,0.0
49349,20.2,604,64,10.6,62,2,0,0,0,0,2,0,3.1,0.0
49401,10.7,"1,205",83,6.9,82,1,0,0,0,0,1,0,1.2,0.0
49402,11.6,64,12,18.8,11,1,0,0,0,0,1,0,8.3,0.0
49403,41.1,154,78,50.6,76,1,1,0,0,0,2,0,2.6,0.0
49404,28.6,688,63,9.2,61,1,1,0,0,0,2,0,3.2,0.0
49405,34.4,97,26,26.8,25,1,0,0,0,0,1,0,3.8,0.0
49406,38.5,35,1,2.9,1,0,0,0,0,0,0,0,0.0,0.0
49408,24.4,702,104,14.8,103,1,0,0,0,0,1,0,1.0,0.0
49410,16.0,137,27,19.7,26,1,0,0,0,0,1,0,3.7,0.0
49411,26.5,71,15,21.1,13,2,0,0,0,0,2,0,13.3,0.0
49412,31.3,833,103,12.4,103,0,0,0,0,0,0,0,0.0,0.0
49415,19.3,399,58,14.5,58,0,0,0,0,0,0,0,0.0,0.0
49417,23.4,"2,175",438,20.1,425,10,0,3,0,0,13,3,3.0,0.7
49418,13.8,"2,255",252,11.2,249,1,1,1,0,0,3,1,1.2,0.4
49419,21.6,704,68,9.7,66,2,0,0,0,0,2,0,2.9,0.0
49420,36.9,571,169,29.6,159,8,0,2,0,0,10,2,5.9,1.2
49421,23.3,427,52,12.2,51,1,0,0,0,0,1,0,1.9,0.0
49423,30.3,"3,733",665,17.8,614,47,3,1,0,0,51,1,7.7,0.2
49424,8.1,"4,073",678,16.6,657,20,1,0,0,0,21,0,3.1,0.0
49425,23.7,277,46,16.6,46,0,0,0,0,0,0,0,0.0,0.0
49426,12.3,"3,187",183,5.7,182,1,0,0,0,0,1,0,0.5,0.0
49428,3.9,"2,046",151,7.4,148,3,0,0,0,0,3,0,2.0,0.0
49431,36.8,"1,208",229,19.0,200,25,2,2,0,0,29,2,12.7,0.9
49435,27.6,243,22,9.1,22,0,0,0,0,0,0,0,0.0,0.0
49436,15.3,102,25,24.5,24,1,0,0,0,0,1,0,4.0,0.0
49437,24.4,480,93,19.4,92,1,0,0,0,0,1,0,1.1,0.0
49440,65.3,74,23,31.1,19,4,0,0,0,0,4,0,17.4,0.0
49441,33.8,"2,587",530,20.5,502,23,0,4,1,0,28,5,5.3,0.9
49442,29.0,"3,726",954,25.6,889,54,3,7,1,0,65,8,6.8,0.8
49444,42.2,"2,571",642,25.0,607,32,3,0,0,0,35,0,5.5,0.0
49445,22.1,"1,429",276,19.3,269,6,1,0,0,0,7,0,2.5,0.0
49446,29.4,210,53,25.2,53,0,0,0,0,0,0,0,0.0,0.0
49448,24.7,250,59,23.6,59,0,0,0,0,0,0,0,0.0,0.0
49449,29.5,121,17,14.0,15,1,1,0,0,0,2,0,11.8,0.0
49450,23.0,378,78,20.6,75,3,0,0,0,0,3,0,3.8,0.0
49451,20.9,474,75,15.8,74,0,0,1,0,0,1,1,1.3,1.3
49452,18.8,180,25,13.9,23,2,0,0,0,0,2,0,8.0,0.0
49453,38.3,154,18,11.7,18,0,0,0,0,0,0,0,0.0,0.0
49454,33.2,325,58,17.8,52,3,3,0,0,0,6,0,10.3,0.0
49455,31.0,441,156,35.4,156,0,0,0,0,0,0,0,0.0,0.0
49456,18.9,"1,223",246,20.1,244,2,0,0,0,0,2,0,0.8,0.0
49457,17.9,934,184,19.7,181,3,0,0,0,0,3,0,1.6,0.0
49458,15.3,5,0,0.0,0,0,0,0,0,0,0,0,---,---
49459,16.9,134,26,19.4,24,2,0,0,0,0,2,0,7.7,0.0
49460,14.6,594,99,16.7,97,1,1,0,0,0,2,0,2.0,0.0
49461,23.0,560,100,17.9,99,1,0,0,0,0,1,0,1.0,0.0
49464,22.3,"2,549",263,10.3,259,4,0,0,0,0,4,0,1.5,0.0
49503,66.1,"3,180",875,27.5,775,90,2,6,2,0,100,8,11.4,0.9
49504,58.0,"3,696",834,22.6,757,61,1,12,2,1,77,15,9.2,1.8
49505,37.8,"2,933",617,21.0,581,30,1,5,0,0,36,5,5.8,0.8
49506,48.2,"2,563",469,18.3,434,32,0,3,0,0,35,3,7.5,0.6
49507,58.0,"4,361",1382,31.7,"1,225",136,7,10,4,0,157,14,11.4,1.0
49508,3.3,"3,459",897,25.9,859,35,1,1,1,0,38,2,4.2,0.2
49509,20.6,"2,864",716,25.0,697,17,0,2,0,0,19,2,2.7,0.3
49512,1.5,"1,364",265,19.4,258,7,0,0,0,0,7,0,2.6,0.0
49519,*,"2,553",522,20.4,512,9,1,0,0,0,10,0,1.9,0.0
49525,13.3,"1,865",267,14.3,265,2,0,0,0,0,2,0,0.7,0.0
49534,*,"1,559",201,12.9,195,6,0,0,0,0,6,0,3.0,0.0
49544,11.2,662,146,22.1,144,2,0,0,0,0,2,0,1.4,0.0
49546,3.7,"2,165",348,16.1,343,4,0,1,0,0,5,1,1.4,0.3
49548,20.2,"2,898",748,25.8,729,17,0,2,0,0,19,2,2.5,0.3
49601,29.6,"1,744",181,10.4,176,5,0,0,0,0,5,0,2.8,0.0
49611,29.1,16,6,37.5,5,1,0,0,0,0,1,0,16.7,0.0
49612,23.6,62,16,25.8,15,0,1,0,0,0,1,0,6.3,0.0
49613,48.2,30,7,23.3,6,1,0,0,0,0,1,0,14.3,0.0
49614,31.9,161,28,17.4,28,0,0,0,0,0,0,0,0.0,0.0
49615,19.9,211,35,16.6,35,0,0,0,0,0,0,0,0.0,0.0
49616,23.3,134,40,29.9,40,0,0,0,0,0,0,0,0.0,0.0
49617,24.6,154,32,20.8,31,1,0,0,0,0,1,0,3.1,0.0
49618,16.3,54,6,11.1,6,0,0,0,0,0,0,0,0.0,0.0
49619,26.3,65,7,10.8,7,0,0,0,0,0,0,0,0.0,0.0
49620,20.8,215,52,24.2,48,3,1,0,0,0,4,0,7.7,0.0
49621,16.8,173,28,16.2,28,0,0,0,0,0,0,0,0.0,0.0
49622,32.2,129,19,14.7,18,1,0,0,0,0,1,0,5.3,0.0
49623,18.8,96,17,17.7,17,0,0,0,0,0,0,0,0.0,0.0
49625,33.2,80,21,26.3,21,0,0,0,0,0,0,0,0.0,0.0
49626,66.7,29,3,10.3,3,0,0,0,0,0,0,0,0.0,0.0
49627,30.7,4,1,25.0,1,0,0,0,0,0,0,0,0.0,0.0
49628,62.6,16,2,12.5,2,0,0,0,0,0,0,0,0.0,0.0
49629,30.7,101,22,21.8,22,0,0,0,0,0,0,0,0.0,0.0
49630,27.3,57,9,15.8,9,0,0,0,0,0,0,0,0.0,0.0
49631,24.3,481,107,22.2,102,3,0,0,1,1,5,2,4.7,1.9
49632,20.0,75,8,10.7,8,0,0,0,0,0,0,0,0.0,0.0
49633,19.9,220,30,13.6,30,0,0,0,0,0,0,0,0.0,0.0
49634,66.7,10,0,0.0,0,0,0,0,0,0,0,0,---,---
49635,40.1,144,37,25.7,35,2,0,0,0,0,2,0,5.4,0.0
49636,14.6,9,1,11.1,1,0,0,0,0,0,0,0,0.0,0.0
49637,13.4,288,52,18.1,49,2,1,0,0,0,3,0,5.8,0.0
49638,10.8,35,9,25.7,9,0,0,0,0,0,0,0,0.0,0.0
49639,16.7,196,38,19.4,37,1,0,0,0,0,1,0,2.6,0.0
49640,28.1,90,18,20.0,18,0,0,0,0,0,0,0,0.0,0.0
49642,23.3,64,14,21.9,14,0,0,0,0,0,0,0,0.0,0.0
49643,9.4,505,92,18.2,91,1,0,0,0,0,1,0,1.1,0.0
49644,8.3,61,10,16.4,10,0,0,0,0,0,0,0,0.0,0.0
49645,28.4,97,19,19.6,18,1,0,0,0,0,1,0,5.3,0.0
49646,13.7,653,101,15.5,99,2,0,0,0,0,2,0,2.0,0.0
49648,13.5,96,19,19.8,18,1,0,0,0,0,1,0,5.3,0.0
49649,16.7,536,80,14.9,74,6,0,0,0,0,6,0,7.5,0.0
49650,10.5,292,50,17.1,49,1,0,0,0,0,1,0,2.0,0.0
49651,16.8,524,78,14.9,78,0,0,0,0,0,0,0,0.0,0.0
49653,29.6,113,34,30.1,31,3,0,0,0,0,3,0,8.8,0.0
49654,36.7,12,1,8.3,1,0,0,0,0,0,0,0,0.0,0.0
49655,19.2,241,38,15.8,37,1,0,0,0,0,1,0,2.6,0.0
49656,26.0,79,10,12.7,10,0,0,0,0,0,0,0,0.0,0.0
49657,33.9,301,25,8.3,25,0,0,0,0,0,0,0,0.0,0.0
49659,16.5,555,113,20.4,111,2,0,0,0,0,2,0,1.8,0.0
49660,43.1,740,149,20.1,136,10,1,2,0,0,13,2,8.7,1.3
49663,23.9,511,66,12.9,66,0,0,0,0,0,0,0,0.0,0.0
49664,23.8,90,22,24.4,20,2,0,0,0,0,2,0,9.1,0.0
49665,26.7,374,47,12.6,47,0,0,0,0,0,0,0,0.0,0.0
49666,30.0,9,4,44.4,4,0,0,0,0,0,0,0,0.0,0.0
49667,23.5,28,5,17.9,5,0,0,0,0,0,0,0,0.0,0.0
49668,16.7,281,40,14.2,39,1,0,0,0,0,1,0,2.5,0.0
49670,30.3,64,11,17.2,11,0,0,0,0,0,0,0,0.0,0.0
49675,37.7,32,6,18.8,6,0,0,0,0,0,0,0,0.0,0.0
49676,21.1,204,96,47.1,94,2,0,0,0,0,2,0,2.1,0.0
49677,27.3,473,130,27.5,128,1,0,1,0,0,2,1,1.5,0.8
49679,14.7,79,14,17.7,12,1,0,0,1,0,2,1,14.3,7.1
49680,20.7,160,29,18.1,29,0,0,0,0,0,0,0,0.0,0.0
49682,20.6,274,49,17.9,49,0,0,0,0,0,0,0,0.0,0.0
49683,17.5,120,23,19.2,22,1,0,0,0,0,1,0,4.3,0.0
49684,19.1,"2,634",472,17.9,453,15,4,0,0,0,19,0,4.0,0.0
49685,*,*,16,---,14,1,1,0,0,0,2,0,12.5,0.0
49686,17.6,"2,091",322,15.4,313,7,2,0,0,0,9,0,2.8,0.0
49688,26.3,169,22,13.0,21,1,0,0,0,0,1,0,4.5,0.0
49689,16.8,62,12,19.4,12,0,0,0,0,0,0,0,0.0,0.0
49690,12.2,301,18,6.0,18,0,0,0,0,0,0,0,0.0,0.0
49696,,,6,,6,0,0,0,0,0,,0,0.0,
49701,25.7,54,9,16.7,9,0,0,0,0,0,0,0,0.0,0.0
49705,18.2,68,10,14.7,10,0,0,0,0,0,0,0,0.0,0.0
49706,17.5,322,54,16.8,54,0,0,0,0,0,0,0,0.0,0.0
49707,30.2,"1,376",235,17.1,229,5,1,0,0,0,6,0,2.6,0.0
49709,20.1,155,32,20.6,32,0,0,0,0,0,0,0,0.0,0.0
49710,25.2,15,3,20.0,3,0,0,0,0,0,0,0,0.0,0.0
49712,23.9,574,108,18.8,107,1,0,0,0,0,1,0,0.9,0.0
49713,23.0,156,26,16.7,26,0,0,0,0,0,0,0,0.0,0.0
49715,18.6,239,41,17.2,41,0,0,0,0,0,0,0,0.0,0.0
49716,13.0,37,5,13.5,5,0,0,0,0,0,0,0,0.0,0.0
49718,33.7,29,11,37.9,11,0,0,0,0,0,0,0,0.0,0.0
49719,22.8,65,17,26.2,16,1,0,0,0,0,1,0,5.9,0.0
49720,27.2,506,98,19.4,97,1,0,0,0,0,1,0,1.0,0.0
49721,26.8,831,164,19.7,162,0,2,0,0,0,2,0,1.2,0.0
49722,47.2,12,2,16.7,1,1,0,0,0,0,1,0,50.0,0.0
49724,23.8,75,15,20.0,15,0,0,0,0,0,0,0,0.0,0.0
49725,19.9,14,3,21.4,3,0,0,0,0,0,0,0,0.0,0.0
49726,14.0,36,2,5.6,2,0,0,0,0,0,0,0,0.0,0.0
49727,25.0,474,81,17.1,81,0,0,0,0,0,0,0,0.0,0.0
49728,18.5,15,4,26.7,4,0,0,0,0,0,0,0,0.0,0.0
49729,33.2,78,8,10.3,8,0,0,0,0,0,0,0,0.0,0.0
49730,14.6,148,17,11.5,17,0,0,0,0,0,0,0,0.0,0.0
49733,15.6,116,14,12.1,14,0,0,0,0,0,0,0,0.0,0.0
49735,11.2,"1,421",242,17.0,242,0,0,0,0,0,0,0,0.0,0.0
49736,20.5,22,4,18.2,4,0,0,0,0,0,0,0,0.0,0.0
49738,21.8,567,59,10.4,55,4,0,0,0,0,4,0,6.8,0.0
49740,24.2,295,33,11.2,33,0,0,0,0,0,0,0,0.0,0.0
49743,34.9,34,1,2.9,1,0,0,0,0,0,0,0,0.0,0.0
49744,30.9,51,7,13.7,7,0,0,0,0,0,0,0,0.0,0.0
49745,50.7,46,5,10.9,4,1,0,0,0,0,1,0,20.0,0.0
49746,18.9,202,34,16.8,34,0,0,0,0,0,0,0,0.0,0.0
49747,21.0,84,14,16.7,14,0,0,0,0,0,0,0,0.0,0.0
49748,24.9,4,3,75.0,3,0,0,0,0,0,0,0,0.0,0.0
49749,14.8,241,30,12.4,30,0,0,0,0,0,0,0,0.0,0.0
49751,17.7,110,19,17.3,19,0,0,0,0,0,0,0,0.0,0.0
49752,9.0,34,6,17.6,6,0,0,0,0,0,0,0,0.0,0.0
49753,20.7,120,18,15.0,17,1,0,0,0,0,1,0,5.6,0.0
49755,26.2,124,20,16.1,19,1,0,0,0,0,1,0,5.0,0.0
49756,10.8,153,27,17.6,27,0,0,0,0,0,0,0,0.0,0.0
49757,53.8,31,4,12.9,4,0,0,0,0,0,0,0,0.0,0.0
49759,14.0,90,13,14.4,13,0,0,0,0,0,0,0,0.0,0.0
49760,25.4,32,5,15.6,5,0,0,0,0,0,0,0,0.0,0.0
49762,22.1,21,3,14.3,2,1,0,0,0,0,1,0,33.3,0.0
49764,29.3,10,1,10.0,1,0,0,0,0,0,0,0,0.0,0.0
49765,26.8,271,48,17.7,48,0,0,0,0,0,0,0,0.0,0.0
49766,24.7,161,23,14.3,23,0,0,0,0,0,0,0,0.0,0.0
49768,10.9,19,0,0.0,0,0,0,0,0,0,0,0,---,---
49769,30.3,127,18,14.2,18,0,0,0,0,0,0,0,0.0,0.0
49770,31.6,"1,118",182,16.3,182,0,0,0,0,0,0,0,0.0,0.0
49774,26.6,115,19,16.5,19,0,0,0,0,0,0,0,0.0,0.0
49775,29.3,3,0,0.0,0,0,0,0,0,0,0,0,---,---
49776,31.0,122,17,13.9,17,0,0,0,0,0,0,0,0.0,0.0
49777,17.7,45,4,8.9,4,0,0,0,0,0,0,0,0.0,0.0
49779,38.1,198,61,30.8,61,0,0,0,0,0,0,0,0.0,0.0
49780,23.6,137,19,13.9,19,0,0,0,0,0,0,0,0.0,0.0
49781,28.1,260,59,22.7,57,2,0,0,0,0,2,0,3.4,0.0
49782,18.2,16,2,12.5,2,0,0,0,0,0,0,0,0.0,0.0
49783,39.7,"1,374",257,18.7,253,4,0,0,0,0,4,0,1.6,0.0
49788,15.6,293,56,19.1,55,1,0,0,0,0,1,0,1.8,0.0
49791,70.0,17,5,29.4,5,0,0,0,0,0,0,0,0.0,0.0
49792,22.2,*,1,---,1,0,0,0,0,0,0,0,0.0,0.0
49793,33.8,8,1,12.5,1,0,0,0,0,0,0,0,0.0,0.0
49795,16.3,125,30,24.0,30,0,0,0,0,0,0,0,0.0,0.0
49796,47.6,10,4,40.0,4,0,0,0,0,0,0,0,0.0,0.0
49799,14.5,140,21,15.0,21,0,0,0,0,0,0,0,0.0,0.0
49801,42.2,675,194,28.7,188,4,2,0,0,0,6,0,3.1,0.0
49802,43.1,391,16,4.1,16,0,0,0,0,0,0,0,0.0,0.0
49805,75.0,24,6,25.0,6,0,0,0,0,0,0,0,0.0,0.0
49806,34.3,21,3,14.3,2,1,0,0,0,0,1,0,33.3,0.0
49807,27.6,230,30,13.0,30,0,0,0,0,0,0,0,0.0,0.0
49808,26.4,9,0,0.0,0,0,0,0,0,0,0,0,---,---
49812,37.5,51,8,15.7,8,0,0,0,0,0,0,0,0.0,0.0
49814,30.5,87,12,13.8,12,0,0,0,0,0,0,0,0.0,0.0
49815,37.5,29,7,24.1,7,0,0,0,0,0,0,0,0.0,0.0
49816,37.6,30,7,23.3,7,0,0,0,0,0,0,0,0.0,0.0
49817,29.8,33,5,15.2,5,0,0,0,0,0,0,0,0.0,0.0
49818,24.7,57,5,8.8,5,0,0,0,0,0,0,0,0.0,0.0
49820,23.7,16,6,37.5,6,0,0,0,0,0,0,0,0.0,0.0
49821,36.6,101,7,6.9,7,0,0,0,0,0,0,0,0.0,0.0
49822,15.4,14,1,7.1,1,0,0,0,0,0,0,0,0.0,0.0
49825,35.5,20,0,0.0,0,0,0,0,0,0,0,0,---,---
49826,22.2,5,0,0.0,0,0,0,0,0,0,0,0,---,---
49827,31.1,66,9,13.6,9,0,0,0,0,0,0,0,0.0,0.0
49829,46.0,"1,228",272,22.1,258,12,1,1,0,0,14,1,5.1,0.4
49831,57.1,49,5,10.2,5,0,0,0,0,0,0,0,0.0,0.0
49833,17.6,17,3,17.6,3,0,0,0,0,0,0,0,0.0,0.0
49834,32.4,24,6,25.0,6,0,0,0,0,0,0,0,0.0,0.0
49835,32.0,47,10,21.3,10,0,0,0,0,0,0,0,0.0,0.0
49836,31.1,38,9,23.7,8,1,0,0,0,0,1,0,11.1,0.0
49837,34.7,650,97,14.9,95,1,1,0,0,0,2,0,2.1,0.0
49838,21.2,21,2,9.5,2,0,0,0,0,0,0,0,0.0,0.0
49839,33.3,6,0,0.0,0,0,0,0,0,0,0,0,---,---
49840,19.1,41,7,17.1,7,0,0,0,0,0,0,0,0.0,0.0
49841,12.4,583,107,18.4,104,2,0,1,0,0,3,1,2.8,0.9
49847,45.3,52,16,30.8,13,3,0,0,0,0,3,0,18.8,0.0
49848,43.8,6,0,0.0,0,0,0,0,0,0,0,0,---,---
49849,48.5,921,123,13.4,113,9,0,1,0,0,10,1,8.1,0.8
49852,71.8,9,4,44.4,4,0,0,0,0,0,0,0,0.0,0.0
49853,23.4,66,7,10.6,7,0,0,0,0,0,0,0,0.0,0.0
49854,37.7,378,67,17.7,67,0,0,0,0,0,0,0,0.0,0.0
49855,30.7,"1,591",209,13.1,204,4,1,0,0,0,5,0,2.4,0.0
49858,43.4,703,137,19.5,131,5,0,1,0,0,6,1,4.4,0.7
49861,34.0,18,4,22.2,4,0,0,0,0,0,0,0,0.0,0.0
49862,35.8,246,45,18.3,45,0,0,0,0,0,0,0,0.0,0.0
49863,57.8,9,2,22.2,1,1,0,0,0,0,1,0,50.0,0.0
49866,40.2,654,38,5.8,36,2,0,0,0,0,2,0,5.3,0.0
49868,32.9,301,66,21.9,64,2,0,0,0,0,2,0,3.0,0.0
49870,51.6,229,41,17.9,41,0,0,0,0,0,0,0,0.0,0.0
49871,60.8,37,0,0.0,0,0,0,0,0,0,0,0,---,---
49872,58.8,12,1,8.3,1,0,0,0,0,0,0,0,0.0,0.0
49873,27.1,11,4,36.4,4,0,0,0,0,0,0,0,0.0,0.0
49874,29.4,49,7,14.3,6,1,0,0,0,0,1,0,14.3,0.0
49876,22.0,84,11,13.1,11,0,0,0,0,0,0,0,0.0,0.0
49877,52.8,4,2,50.0,2,0,0,0,0,0,0,0,0.0,0.0
49878,27.4,157,25,15.9,25,0,0,0,0,0,0,0,0.0,0.0
49879,36.0,69,6,8.7,6,0,0,0,0,0,0,0,0.0,0.0
49880,36.8,49,6,12.2,5,1,0,0,0,0,1,0,16.7,0.0
49881,24.1,13,1,7.7,1,0,0,0,0,0,0,0,0.0,0.0
49883,28.3,6,1,16.7,1,0,0,0,0,0,0,0,0.0,0.0
49884,15.9,33,8,24.2,8,0,0,0,0,0,0,0,0.0,0.0
49885,22.5,124,11,8.9,11,0,0,0,0,0,0,0,0.0,0.0
49886,40.8,24,10,41.7,10,0,0,0,0,0,0,0,0.0,0.0
49887,36.4,116,19,16.4,19,0,0,0,0,0,0,0,0.0,0.0
49891,37.6,53,9,17.0,9,0,0,0,0,0,0,0,0.0,0.0
49892,34.1,86,17,19.8,16,0,0,1,0,0,1,1,5.9,5.9
49893,26.1,85,18,21.2,18,0,0,0,0,0,0,0,0.0,0.0
49894,39.5,34,8,23.5,8,0,0,0,0,0,0,0,0.0,0.0
49895,18.4,37,3,8.1,3,0,0,0,0,0,0,0,0.0,0.0
49896,27.8,159,35,22.0,35,0,0,0,0,0,0,0,0.0,0.0
49901,85.8,19,4,21.1,3,1,0,0,0,0,1,0,25.0,0.0
49902,69.2,3,1,33.3,1,0,0,0,0,0,0,0,0.0,0.0
49903,67.0,6,3,50.0,3,0,0,0,0,0,0,0,0.0,0.0
49905,56.0,254,49,19.3,48,1,0,0,0,0,1,0,2.0,0.0
49908,30.5,181,54,29.8,54,0,0,0,0,0,0,0,0.0,0.0
49910,33.4,13,3,23.1,3,0,0,0,0,0,0,0,0.0,0.0
49911,58.8,171,34,19.9,34,0,0,0,0,0,0,0,0.0,0.0
49912,50.6,44,4,9.1,4,0,0,0,0,0,0,0,0.0,0.0
49913,75.6,603,157,26.0,150,7,0,0,0,0,7,0,4.5,0.0
49915,69.3,58,14,24.1,14,0,0,0,0,0,0,0,0.0,0.0
49916,37.0,196,34,17.3,33,1,0,0,0,0,1,0,2.9,0.0
49917,84.8,15,2,13.3,2,0,0,0,0,0,0,0,0.0,0.0
49918,69.3,2,0,0.0,0,0,0,0,0,0,0,0,---,---
49919,36.9,15,0,0.0,0,0,0,0,0,0,0,0,---,---
49920,41.6,185,44,23.8,43,1,0,0,0,0,1,0,2.3,0.0
49921,57.9,18,2,11.1,2,0,0,0,0,0,0,0,0.0,0.0
49922,35.5,92,15,16.3,15,0,0,0,0,0,0,0,0.0,0.0
49925,43.0,12,2,16.7,2,0,0,0,0,0,0,0,0.0,0.0
49927,53.4,34,9,26.5,9,0,0,0,0,0,0,0,0.0,0.0
49929,70.2,16,1,6.3,1,0,0,0,0,0,0,0,0.0,0.0
49930,56.5,571,113,19.8,108,4,0,0,1,0,5,1,4.4,0.9
49931,38.0,410,94,22.9,87,7,0,0,0,0,7,0,7.4,0.0
49934,88.8,43,9,20.9,9,0,0,0,0,0,0,0,0.0,0.0
49935,42.8,330,78,23.6,76,2,0,0,0,0,2,0,2.6,0.0
49938,63.6,486,110,22.6,105,5,0,0,0,0,5,0,4.5,0.0
49942,89.0,17,0,0.0,0,0,0,0,0,0,0,0,---,---
49945,49.1,168,16,9.5,13,3,0,0,0,0,3,0,18.8,0.0
49946,33.9,286,65,22.7,64,1,0,0,0,0,1,0,1.5,0.0
49947,33.3,30,5,16.7,5,0,0,0,0,0,0,0,0.0,0.0
49948,58.7,27,8,29.6,8,0,0,0,0,0,0,0,0.0,0.0
49950,52.7,60,24,40.0,23,1,0,0,0,0,1,0,4.2,0.0
49952,29.5,9,2,22.2,2,0,0,0,0,0,0,0,0.0,0.0
49953,43.8,121,22,18.2,22,0,0,0,0,0,0,0,0.0,0.0
49955,85.9,23,7,30.4,7,0,0,0,0,0,0,0,0.0,0.0
49958,43.3,78,19,24.4,19,0,0,0,0,0,0,0,0.0,0.0
49959,74.0,12,3,25.0,3,0,0,0,0,0,0,0,0.0,0.0
49960,66.2,11,0,0.0,0,0,0,0,0,0,0,0,---,---
49961,44.1,2,2,100.0,2,0,0,0,0,0,0,0,0.0,0.0
49962,42.0,4,0,0.0,0,0,0,0,0,0,0,0,---,---
49963,61.5,91,10,11.0,10,0,0,0,0,0,0,0,0.0,0.0
49965,39.1,11,4,36.4,4,0,0,0,0,0,0,0,0.0,0.0
49967,48.9,24,6,25.0,6,0,0,0,0,0,0,0,0.0,0.0
49968,53.6,122,22,18.0,22,0,0,0,0,0,0,0,0.0,0.0
49969,20.8,78,20,25.6,20,0,0,0,0,0,0,0,0.0,0.0
49970,59.4,7,1,14.3,1,0,0,0,0,0,0,0,0.0,0.0
49971,8.4,25,3,12.0,3,0,0,0,0,0,0,0,0.0,0.0
Po Box or,,,,,,,,,,,,,,
Unknown,---,---,238,---,244,7,0,1,0,0,8,1,3.4,0.4
Total,27.0,"720,994","147,841",20.5,"142,153","4,793",256,517,123,13,"5,702",653,3.9,0.4
